{
  "categories": [
    {
      "id": "accb6a5b-60a3-4ba5-921a-f9cd772067aa",
      "name": "快捷方式",
      "shortcuts": [
        {
          "bodyContent": "{{76b1e948-84b3-497e-8ec5-b911d00f8f0f}}",
          "codeOnSuccess": "showToast(\u0027已上传\u0027);",
          "contentType": "text/plain",
          "description": "支持选中文字后分享",
          "iconName": "flat_color_upload",
          "id": "d6a958cb-3fa6-4c79-b342-229008bfac8a",
          "method": "POST",
          "name": "上传文本",
          "quickSettingsTileShortcut": true,
          "responseHandling": {
            "successOutput": "none"
          },
          "url": "{{136751b5-5f38-49fc-81dc-80a825804203}}/text?room\u003d{{5a4c1f8d-1d02-4a07-b2e1-3dde8574ebf4}}\u0026auth\u003d{{cfaea431-387c-4fa9-b621-a6b4e076ce2e}}"
        },
        {
          "bodyContent": "{\"File\":\"\",\"Clipboard\":\"{{76b1e948-84b3-497e-8ec5-b911d00f8f0f}}\",\"Type\":\"Text\"}",
          "codeOnSuccess": "showToast(\u0027已上传\u0027);",
          "contentType": "form-data",
          "description": "从分享菜单使用",
          "iconName": "flat_color_upload",
          "id": "2b8e95a4-2ece-41a1-aace-f8f80c0497fb",
          "method": "POST",
          "name": "上传文件",
          "parameters": [
            {
              "fileUploadOptions": {
                "fileUploadType": "file_picker"
              },
              "key": "file",
              "type": "file"
            },
            {
              "fileUploadOptions": {
                "fileUploadType": "file_picker"
              },
              "key": "file",
              "type": "file"
            }
          ],
          "requestBodyType": "form_data",
          "responseHandling": {
            "successOutput": "none"
          },
          "url": "{{136751b5-5f38-49fc-81dc-80a825804203}}/upload?room\u003d{{5a4c1f8d-1d02-4a07-b2e1-3dde8574ebf4}}\u0026auth\u003d{{cfaea431-387c-4fa9-b621-a6b4e076ce2e}}"
        },
        {
          "bodyContent": "",
          "codeOnSuccess": "const profile \u003d JSON.parse(response.body)\nconst type \u003d profile.type\n\nif (type \u003d\u003d \u0027text\u0027) {\n    const ClibboardText \u003d profile.content;\n    copyToClipboard(ClibboardText);\n    showToast(\u0027已拷贝\\n\u0027 + ClibboardText);\n\n    const httpstr \u003d httpString(ClibboardText);\n\n    if (httpstr) {\n        if (confirm(\u0027包含网址，是否打开\u0027)) {\n            openUrl(httpstr[0]);\n        }\n    }\n}\nelse if (profile.name \u0026\u0026 profile.size \u003e 0) {\n    const downloadUrl \u003d getVariable(/*[variable]*/\"136751b5-5f38-49fc-81dc-80a825804203\"/*[/variable]*/) + \"/file/\" +profile.uuid+ \"/\" + encodeURIComponent(profile.name)\n    const inputPara \u003d { \u0027downloadUrl\u0027: downloadUrl }\n    showToast(\u0027文件名已拷贝，正在下载\\n\u0027 + profile.name)\n    copyToClipboard(profile.name)\n    if (type \u003d\u003d \u0027image\u0027 || isImageFile(profile.name)) {\n        enqueueShortcut(/*[shortcut]*/\"1e693964-ab59-4e9c-902b-6b94b90ff2f0\"/*[/shortcut]*/, inputPara)\n    } else {\n        enqueueShortcut(/*[shortcut]*/\"1e693964-ab59-4e9c-902b-6b94b90ff2f0\"/*[/shortcut]*/, inputPara)\n    }\n}\n\nfunction isImageFile(file) {\n    const filename \u003d file.toLowerCase();\n    const list \u003d [\n        \u0027.png\u0027,\n        \u0027.jpg\u0027,\n        \u0027.jpeg\u0027,\n        \u0027.gif\u0027,\n        \u0027.bmp\u0027,\n        \u0027.webp\u0027,\n    ]\n    let result \u003d false\n    list.forEach(element \u003d\u003e {\n        if (filename.endsWith(element)) {\n            result \u003d true\n        }\n    })\n    return result\n}\n\nfunction httpString(s) {\n    var reg \u003d /(https?|http|ftp|file):\\/\\/[-A-Za-z0-9+\u0026@#/%?\u003d~_|!:,.;]+[-A-Za-z0-9+\u0026@#/%\u003d~_|]/g;\n    s \u003d s.match(reg);\n    return (s)\n}\n",
          "iconName": "flat_color_arrow_down",
          "id": "91cf41c5-da0c-45b5-988c-9f636e135abd",
          "method": "GET",
          "name": "下载剪贴板",
          "quickSettingsTileShortcut": true,
          "responseHandling": {
            "successOutput": "none"
          },
          "url": "{{136751b5-5f38-49fc-81dc-80a825804203}}/content/latest.json?room\u003d{{5a4c1f8d-1d02-4a07-b2e1-3dde8574ebf4}}\u0026auth\u003d{{cfaea431-387c-4fa9-b621-a6b4e076ce2e}}"
        },
        {
          "bodyContent": "",
          "codeOnSuccess": "const profile \u003d JSON.parse(response.body)\nconst type \u003d profile.type\n\nif (type \u003d\u003d \u0027text\u0027) {\n    const ClibboardText \u003d profile.content;\n    copyToClipboard(ClibboardText);\n    showToast(\u0027已拷贝\\n\u0027 + ClibboardText);\n\n    const httpstr \u003d httpString(ClibboardText);\n\n    if (httpstr) {\n        if (confirm(\u0027包含网址，是否打开\u0027)) {\n            openUrl(httpstr[0]);\n        }\n    }\n}\nelse if (profile.name \u0026\u0026 profile.size \u003e 0) {\n    const downloadUrl \u003d getVariable(/*[variable]*/\"136751b5-5f38-49fc-81dc-80a825804203\"/*[/variable]*/) + \"/file/\" +profile.uuid+ \"/\" + encodeURIComponent(profile.name)\n    const inputPara \u003d { \u0027downloadUrl\u0027: downloadUrl }\n    showToast(\u0027文件名已拷贝，正在下载\\n\u0027 + profile.name)\n    copyToClipboard(profile.name)\n    if (type \u003d\u003d \u0027image\u0027 || isImageFile(profile.name)) {\n        enqueueShortcut(/*[shortcut]*/\"1e693964-ab59-4e9c-902b-6b94b90ff2f0\"/*[/shortcut]*/, inputPara)\n    } else {\n        enqueueShortcut(/*[shortcut]*/\"1e693964-ab59-4e9c-902b-6b94b90ff2f0\"/*[/shortcut]*/, inputPara)\n    }\n}\n\nfunction isImageFile(file) {\n    const filename \u003d file.toLowerCase();\n    const list \u003d [\n        \u0027.png\u0027,\n        \u0027.jpg\u0027,\n        \u0027.jpeg\u0027,\n        \u0027.gif\u0027,\n        \u0027.bmp\u0027,\n        \u0027.webp\u0027,\n    ]\n    let result \u003d false\n    list.forEach(element \u003d\u003e {\n        if (filename.endsWith(element)) {\n            result \u003d true\n        }\n    })\n    return result\n}\n\nfunction httpString(s) {\n    var reg \u003d /(https?|http|ftp|file):\\/\\/[-A-Za-z0-9+\u0026@#/%?\u003d~_|!:,.;]+[-A-Za-z0-9+\u0026@#/%\u003d~_|]/g;\n    s \u003d s.match(reg);\n    return (s)\n}\n",
          "iconName": "flat_color_arrow_down",
          "id": "e9aea217-d79a-4191-b36e-c7632743dbab",
          "method": "GET",
          "name": "下载指定ID",
          "quickSettingsTileShortcut": true,
          "responseHandling": {
            "successOutput": "none"
          },
          "url": "{{136751b5-5f38-49fc-81dc-80a825804203}}/content/{{e704d06a-d607-4ea6-b4bd-1e962c640a7f}}?room\u003d{{5a4c1f8d-1d02-4a07-b2e1-3dde8574ebf4}}\u0026json\u003dtrue\u0026auth\u003d{{cfaea431-387c-4fa9-b621-a6b4e076ce2e}}"
        }
      ]
    },
    {
      "id": "316553f3-4bb0-4e10-806b-0de26e10fb2a",
      "name": "基础组件",
      "shortcutClickBehavior": "edit",
      "shortcuts": [
        {
          "bodyContent": "{\"File\":\"\",\"Clipboard\":\"{{76b1e948-84b3-497e-8ec5-b911d00f8f0f}}\",\"Type\":\"Text\"}",
          "contentType": "application/json",
          "description": "只支持2m以下文件",
          "fileUploadOptions": {},
          "iconName": "flat_color_folder",
          "id": "1e693964-ab59-4e9c-902b-6b94b90ff2f0",
          "method": "GET",
          "name": "展示文件",
          "requestBodyType": "file",
          "responseHandling": {
            "actions": [
              "share",
              "copy",
              "save"
            ]
          },
          "url": "{{67e7421f-6a0a-458b-885b-96a008e2dcb3}}"
        }
      ]
    }
  ],
  "compatibilityVersion": 90,
  "createdAt": "2025-05-25T11:50:11.742792Z",
  "originDeviceId": "MSYKY9GCL0",
  "variables": [
    {
      "id": "76b1e948-84b3-497e-8ec5-b911d00f8f0f",
      "isShareText": true,
      "key": "Clipboard",
      "type": "clipboard"
    },
    {
      "id": "136751b5-5f38-49fc-81dc-80a825804203",
      "key": "url",
      "value": "http://192.168.123.210:9501"
    },
    {
      "id": "e704d06a-d607-4ea6-b4bd-1e962c640a7f",
      "key": "ID",
      "type": "number"
    },
    {
      "id": "5a4c1f8d-1d02-4a07-b2e1-3dde8574ebf4",
      "key": "room",
      "urlEncode": true,
      "value": "test"
    },
    {
      "id": "67e7421f-6a0a-458b-885b-96a008e2dcb3",
      "key": "downloadUrl"
    },
    {
      "id": "cfaea431-387c-4fa9-b621-a6b4e076ce2e",
      "key": "auth",
      "value": "123456"
    }
  ],
  "version": 91
}